joint_lock,aa_config,n_runs,qd_score,qd_score_std,total_successful_grasps,total_successful_grasps_std,total_robust_grasps,total_robust_grasps_std,success_rate,success_rate_std,robust_success_rate,robust_success_rate_std,success_archive_coverage,success_archive_coverage_std,diversity_knn,diversity_knn_std,avg_fitness,avg_fitness_std,max_fitness,max_fitness_std,runtime,runtime_std,n_evaluations,n_evaluations_std
lock_middle_ring,mid,1,2284.0,0.0,3236.0,0.0,561.0,0.0,22.76039603960396,0.0,3.9445544554455445,0.0,0.9434402332361517,0.0,0.012859864347155213,0.0,0.7058096415327565,0.0,2.0,0.0,343.5839250087738,0.0,50500.0,0.0
lock_index_middle,rest,1,2171.0,0.0,3627.0,0.0,494.0,0.0,24.087128712871287,0.0,3.2792079207920795,0.0,1.0574344023323614,0.0,0.012918208602577086,0.0,0.5985663082437276,0.0,2.0,0.0,339.93661618232727,0.0,50500.0,0.0
none,rest,1,2164.0,0.0,3364.0,0.0,530.0,0.0,26.005940594059407,0.0,4.097029702970297,0.0,0.9807580174927114,0.0,0.012906232054101767,0.0,0.643281807372176,0.0,2.0,0.0,318.0897147655487,0.0,50500.0,0.0
lock_index_middle,max,1,2158.0,0.0,3730.0,0.0,432.0,0.0,28.0950495049505,0.0,3.2534653465346537,0.0,1.0874635568513118,0.0,0.012863294676579401,0.0,0.5785522788203753,0.0,2.0,0.0,351.96072363853455,0.0,50500.0,0.0
lock_index_ring,default,1,2012.0,0.0,3085.0,0.0,488.0,0.0,22.615841584158417,0.0,3.576237623762376,0.0,0.8994169096209913,0.0,0.012926312134280483,0.0,0.6521880064829821,0.0,2.0,0.0,345.76573729515076,0.0,50500.0,0.0
lock_index_ring,rest,1,1956.0,0.0,3318.0,0.0,356.0,0.0,21.41782178217822,0.0,2.297029702970297,0.0,0.9673469387755103,0.0,0.012963293344430298,0.0,0.5895117540687161,0.0,2.0,0.0,329.9367709159851,0.0,50500.0,0.0
lock_middle_ring_little,max,1,1873.0,0.0,2938.0,0.0,470.0,0.0,18.92871287128713,0.0,3.0277227722772277,0.0,0.8565597667638484,0.0,0.01310375225647504,0.0,0.6375085091899251,0.0,2.0,0.0,328.693541765213,0.0,50500.0,0.0
lock_index_middle_ring,default,1,1868.0,0.0,2957.0,0.0,466.0,0.0,21.14059405940594,0.0,3.330693069306931,0.0,0.8620991253644316,0.0,0.01300409992322148,0.0,0.6317213391951302,0.0,2.0,0.0,339.75793266296387,0.0,50500.0,0.0
lock_index_little,mid,1,1725.0,0.0,2513.0,0.0,428.0,0.0,14.82970297029703,0.0,2.5247524752475248,0.0,0.7326530612244898,0.0,0.013129226873787323,0.0,0.6864305610823717,0.0,2.0,0.0,328.3272259235382,0.0,50500.0,0.0
lock_middle_ring,rest,1,1714.0,0.0,2666.0,0.0,325.0,0.0,16.821782178217823,0.0,2.0495049504950495,0.0,0.7772594752186589,0.0,0.012992499098597964,0.0,0.6429107276819205,0.0,2.0,0.0,326.87744665145874,0.0,50500.0,0.0
lock_index_middle_ring,low,1,1634.0,0.0,3004.0,0.0,252.0,0.0,17.126732673267327,0.0,1.4356435643564358,0.0,0.875801749271137,0.0,0.013183336552938508,0.0,0.5439414114513982,0.0,2.0,0.0,327.618221282959,0.0,50500.0,0.0
lock_little,default,1,1589.0,0.0,2795.0,0.0,308.0,0.0,17.748514851485147,0.0,1.9544554455445544,0.0,0.8148688046647231,0.0,0.013070948135175205,0.0,0.5685152057245081,0.0,2.0,0.0,326.7198314666748,0.0,50500.0,0.0
lock_index,rest,1,1550.0,0.0,2450.0,0.0,333.0,0.0,12.54059405940594,0.0,1.7029702970297032,0.0,0.7142857142857143,0.0,0.01364375465637688,0.0,0.6326530612244898,0.0,2.0,0.0,308.123183965683,0.0,50500.0,0.0
lock_ring_little,rest,1,1544.0,0.0,2769.0,0.0,336.0,0.0,14.594059405940593,0.0,1.77029702970297,0.0,0.8072886297376094,0.0,0.013404006509116434,0.0,0.5576020223907547,0.0,2.0,0.0,340.5157506465912,0.0,50500.0,0.0
lock_index_middle_little,max,1,1533.0,0.0,3228.0,0.0,261.0,0.0,21.912871287128713,0.0,1.77029702970297,0.0,0.9411078717201167,0.0,0.012983897696677444,0.0,0.474907063197026,0.0,2.0,0.0,331.5439066886902,0.0,50500.0,0.0
lock_middle_ring,max,1,1457.0,0.0,2380.0,0.0,317.0,0.0,13.18811881188119,0.0,1.7564356435643567,0.0,0.6938775510204082,0.0,0.013280148498381788,0.0,0.6121848739495799,0.0,2.0,0.0,317.41977405548096,0.0,50500.0,0.0
lock_middle_little,mid,1,1450.0,0.0,2433.0,0.0,337.0,0.0,13.4,0.0,1.8554455445544553,0.0,0.70932944606414,0.0,0.013498518104692844,0.0,0.5959720509658858,0.0,2.0,0.0,317.00837230682373,0.0,50500.0,0.0
lock_index_ring_little,default,1,1439.0,0.0,2804.0,0.0,242.0,0.0,15.972277227722772,0.0,1.3782178217821783,0.0,0.8174927113702624,0.0,0.013315542598284373,0.0,0.5131954350927247,0.0,2.0,0.0,321.34791445732117,0.0,50500.0,0.0
lock_index_middle_ring,mid,1,1413.0,0.0,2572.0,0.0,249.0,0.0,13.160396039603961,0.0,1.2732673267326733,0.0,0.7498542274052478,0.0,0.013521721131779208,0.0,0.5493779160186625,0.0,2.0,0.0,317.15847849845886,0.0,50500.0,0.0
lock_index_middle_little,mid,1,1401.0,0.0,2509.0,0.0,207.0,0.0,12.566336633663367,0.0,1.0356435643564357,0.0,0.7314868804664724,0.0,0.013584326096842765,0.0,0.5583897967317657,0.0,2.0,0.0,311.3116497993469,0.0,50500.0,0.0
lock_index_little,default,1,1237.0,0.0,2607.0,0.0,201.0,0.0,14.138613861386137,0.0,1.089108910891089,0.0,0.760058309037901,0.0,0.013457239670581843,0.0,0.47449175297276563,0.0,2.0,0.0,311.1166911125183,0.0,50500.0,0.0
lock_index_middle_ring,max,1,1179.0,0.0,2182.0,0.0,257.0,0.0,12.087128712871287,0.0,1.421782178217822,0.0,0.6361516034985423,0.0,0.013382720428169768,0.0,0.5403299725022914,0.0,2.0,0.0,313.45103573799133,0.0,50500.0,0.0
lock_ring,max,1,1132.0,0.0,2245.0,0.0,212.0,0.0,12.089108910891088,0.0,1.1405940594059405,0.0,0.6545189504373178,0.0,0.013514602242454791,0.0,0.5042316258351893,0.0,2.0,0.0,308.2433707714081,0.0,50500.0,0.0
lock_ring_little,low,1,1128.0,0.0,2153.0,0.0,221.0,0.0,10.536633663366336,0.0,1.081188118811881,0.0,0.6276967930029155,0.0,0.013623782481402159,0.0,0.5239201114723642,0.0,2.0,0.0,323.66402983665466,0.0,50500.0,0.0
lock_index_middle_ring,rest,1,1052.0,0.0,2026.0,0.0,197.0,0.0,10.075247524752475,0.0,0.9782178217821782,0.0,0.59067055393586,0.0,0.013890335273105944,0.0,0.5192497532082923,0.0,2.0,0.0,312.60971307754517,0.0,50500.0,0.0
lock_index_little,rest,1,926.0,0.0,2124.0,0.0,129.0,0.0,9.833663366336634,0.0,0.596039603960396,0.0,0.6192419825072886,0.0,0.013959647536841853,0.0,0.435969868173258,0.0,2.0,0.0,303.91244530677795,0.0,50500.0,0.0
lock_index_ring,mid,1,918.0,0.0,1895.0,0.0,168.0,0.0,8.653465346534652,0.0,0.7663366336633664,0.0,0.5524781341107872,0.0,0.014158465028073584,0.0,0.48443271767810026,0.0,2.0,0.0,305.6953077316284,0.0,50500.0,0.0
lock_index_ring,low,1,733.0,0.0,1350.0,0.0,121.0,0.0,5.005940594059406,0.0,0.4475247524752475,0.0,0.39358600583090375,0.0,0.014617957438103948,0.0,0.542962962962963,0.0,2.0,0.0,297.5867705345154,0.0,50500.0,0.0
lock_middle_ring_little,rest,1,731.0,0.0,1367.0,0.0,91.0,0.0,5.342574257425743,0.0,0.3544554455445545,0.0,0.3985422740524781,0.0,0.014823149338066164,0.0,0.53474762253109,0.0,2.0,0.0,294.061448097229,0.0,50500.0,0.0
lock_middle,mid,1,719.0,0.0,1538.0,0.0,143.0,0.0,6.41980198019802,0.0,0.596039603960396,0.0,0.44839650145772597,0.0,0.014156703970305256,0.0,0.46749024707412223,0.0,2.0,0.0,299.16685962677,0.0,50500.0,0.0
lock_index_middle,low,1,704.0,0.0,1186.0,0.0,171.0,0.0,4.368316831683168,0.0,0.6297029702970297,0.0,0.3457725947521866,0.0,0.0145429211208697,0.0,0.5935919055649241,0.0,2.0,0.0,295.32268023490906,0.0,50500.0,0.0
lock_little,low,1,623.0,0.0,1650.0,0.0,53.0,0.0,6.201980198019802,0.0,0.19801980198019803,0.0,0.4810495626822157,0.0,0.014861226548481005,0.0,0.37757575757575756,0.0,2.0,0.0,294.8008484840393,0.0,50500.0,0.0
none,default,1,602.0,0.0,1325.0,0.0,74.0,0.0,4.712871287128713,0.0,0.2613861386138614,0.0,0.38629737609329445,0.0,0.014938122750232822,0.0,0.45433962264150946,0.0,2.0,0.0,268.68775248527527,0.0,50500.0,0.0
lock_index_middle,default,1,558.0,0.0,978.0,0.0,125.0,0.0,3.3782178217821786,0.0,0.43168316831683173,0.0,0.285131195335277,0.0,0.015283888255510785,0.0,0.5705521472392638,0.0,2.0,0.0,292.80825567245483,0.0,50500.0,0.0
lock_middle_little,rest,1,489.0,0.0,1302.0,0.0,62.0,0.0,4.843564356435643,0.0,0.22970297029702968,0.0,0.3795918367346939,0.0,0.01505386530054886,0.0,0.37557603686635943,0.0,2.0,0.0,295.28652715682983,0.0,50500.0,0.0
lock_middle_ring,default,1,425.0,0.0,1062.0,0.0,87.0,0.0,3.2732673267326735,0.0,0.26732673267326734,0.0,0.3096209912536443,0.0,0.016248271611002,0.0,0.4001883239171375,0.0,2.0,0.0,290.57270526885986,0.0,50500.0,0.0
lock_ring_little,default,1,420.0,0.0,842.0,0.0,101.0,0.0,2.9128712871287132,0.0,0.34851485148514855,0.0,0.2454810495626822,0.0,0.01628357462952265,0.0,0.498812351543943,0.0,2.0,0.0,298.02183294296265,0.0,50500.0,0.0
lock_index_middle,mid,1,318.0,0.0,442.0,0.0,83.0,0.0,1.19009900990099,0.0,0.22178217821782176,0.0,0.12886297376093295,0.0,0.01901528931622526,0.0,0.7194570135746606,0.0,2.0,0.0,288.4142656326294,0.0,50500.0,0.0
lock_index,default,1,295.0,0.0,477.0,0.0,85.0,0.0,1.2910891089108911,0.0,0.22970297029702968,0.0,0.139067055393586,0.0,0.019007220642237217,0.0,0.6184486373165619,0.0,2.0,0.0,294.23227524757385,0.0,50500.0,0.0
lock_little,mid,1,252.0,0.0,473.0,0.0,71.0,0.0,1.3643564356435645,0.0,0.20396039603960398,0.0,0.13790087463556852,0.0,0.01763267957852637,0.0,0.53276955602537,0.0,2.0,0.0,288.2830545902252,0.0,50500.0,0.0
lock_ring,rest,1,228.0,0.0,463.0,0.0,55.0,0.0,1.4495049504950497,0.0,0.1702970297029703,0.0,0.13498542274052477,0.0,0.020856857798910833,0.0,0.4924406047516199,0.0,2.0,0.0,288.3639235496521,0.0,50500.0,0.0
lock_middle_little,max,1,225.0,0.0,476.0,0.0,55.0,0.0,1.2772277227722773,0.0,0.14653465346534653,0.0,0.13877551020408163,0.0,0.01875888838046471,0.0,0.4726890756302521,0.0,2.0,0.0,287.2379832267761,0.0,50500.0,0.0
lock_index_little,low,1,216.0,0.0,374.0,0.0,45.0,0.0,1.007920792079208,0.0,0.12079207920792079,0.0,0.10903790087463557,0.0,0.01881087840676823,0.0,0.5775401069518716,0.0,2.0,0.0,285.40464782714844,0.0,50500.0,0.0
lock_index,max,1,216.0,0.0,422.0,0.0,53.0,0.0,1.1227722772277227,0.0,0.14059405940594058,0.0,0.12303206997084548,0.0,0.01930138533995446,0.0,0.5118483412322274,0.0,2.0,0.0,281.85374784469604,0.0,50500.0,0.0
lock_index_ring_little,max,1,207.0,0.0,481.0,0.0,21.0,0.0,1.3485148514851486,0.0,0.05742574257425742,0.0,0.1402332361516035,0.0,0.018260749142419874,0.0,0.4303534303534304,0.0,2.0,0.0,287.51071524620056,0.0,50500.0,0.0
lock_index_middle_little,low,1,201.0,0.0,467.0,0.0,42.0,0.0,1.3188118811881189,0.0,0.11683168316831682,0.0,0.13615160349854227,0.0,0.01942355101743929,0.0,0.430406852248394,0.0,2.0,0.0,287.46663546562195,0.0,50500.0,0.0
lock_middle_ring_little,mid,1,190.0,0.0,386.0,0.0,45.0,0.0,1.0554455445544555,0.0,0.12277227722772277,0.0,0.11253644314868805,0.0,0.021022772672640053,0.0,0.49222797927461137,0.0,2.0,0.0,289.3030745983124,0.0,50500.0,0.0
lock_middle_ring_little,default,1,190.0,0.0,453.0,0.0,56.0,0.0,1.2475247524752475,0.0,0.15247524752475247,0.0,0.13206997084548106,0.0,0.020885989665040957,0.0,0.4194260485651214,0.0,2.0,0.0,287.42900800704956,0.0,50500.0,0.0
lock_index_little,max,1,189.0,0.0,385.0,0.0,55.0,0.0,1.0712871287128714,0.0,0.15247524752475247,0.0,0.11224489795918367,0.0,0.01917834111564755,0.0,0.4909090909090909,0.0,2.0,0.0,292.8723249435425,0.0,50500.0,0.0
none,low,1,182.0,0.0,424.0,0.0,38.0,0.0,1.2237623762376237,0.0,0.10891089108910892,0.0,0.12361516034985423,0.0,0.018608684867502202,0.0,0.42924528301886794,0.0,2.0,0.0,261.31545996665955,0.0,50500.0,0.0
lock_ring_little,max,1,182.0,0.0,445.0,0.0,45.0,0.0,1.2356435643564356,0.0,0.12475247524752475,0.0,0.12973760932944609,0.0,0.020517150242338092,0.0,0.40898876404494383,0.0,2.0,0.0,285.61081552505493,0.0,50500.0,0.0
lock_middle,low,1,179.0,0.0,463.0,0.0,21.0,0.0,1.3366336633663367,0.0,0.0594059405940594,0.0,0.13498542274052477,0.0,0.017875452223727904,0.0,0.38660907127429806,0.0,2.0,0.0,289.89201164245605,0.0,50500.0,0.0
lock_middle_little,default,1,178.0,0.0,431.0,0.0,13.0,0.0,1.1544554455445544,0.0,0.03366336633663366,0.0,0.12565597667638484,0.0,0.02032867991045335,0.0,0.41299303944315546,0.0,2.0,0.0,287.25742387771606,0.0,50500.0,0.0
lock_index_ring_little,low,1,175.0,0.0,398.0,0.0,32.0,0.0,1.095049504950495,0.0,0.08712871287128714,0.0,0.11603498542274052,0.0,0.019229880351908056,0.0,0.4396984924623116,0.0,2.0,0.0,289.8696050643921,0.0,50500.0,0.0
lock_middle,max,1,167.0,0.0,407.0,0.0,22.0,0.0,1.1326732673267326,0.0,0.0594059405940594,0.0,0.11865889212827989,0.0,0.0190421637960584,0.0,0.4103194103194103,0.0,2.0,0.0,286.15473079681396,0.0,50500.0,0.0
lock_little,rest,1,167.0,0.0,461.0,0.0,33.0,0.0,1.304950495049505,0.0,0.09306930693069307,0.0,0.13440233236151605,0.0,0.019368214631136575,0.0,0.36225596529284165,0.0,2.0,0.0,287.7044138908386,0.0,50500.0,0.0
lock_middle_ring,low,1,159.0,0.0,487.0,0.0,24.0,0.0,1.3623762376237625,0.0,0.06534653465346535,0.0,0.14198250728862974,0.0,0.02007719106677878,0.0,0.3264887063655031,0.0,2.0,0.0,286.7234077453613,0.0,50500.0,0.0
lock_middle_ring_little,low,1,154.0,0.0,448.0,0.0,37.0,0.0,1.2198019801980198,0.0,0.09900990099009901,0.0,0.1306122448979592,0.0,0.01967981621665419,0.0,0.34375,0.0,2.0,0.0,286.3574092388153,0.0,50500.0,0.0
lock_index,mid,1,153.0,0.0,391.0,0.0,32.0,0.0,1.0594059405940595,0.0,0.08514851485148515,0.0,0.11399416909620992,0.0,0.01964195882815429,0.0,0.391304347826087,0.0,2.0,0.0,274.97358894348145,0.0,50500.0,0.0
lock_ring,mid,1,152.0,0.0,332.0,0.0,21.0,0.0,0.895049504950495,0.0,0.05544554455445544,0.0,0.0967930029154519,0.0,0.01988418736149706,0.0,0.4578313253012048,0.0,2.0,0.0,284.009614944458,0.0,50500.0,0.0
lock_index_ring_little,mid,1,151.0,0.0,498.0,0.0,24.0,0.0,1.41980198019802,0.0,0.06732673267326732,0.0,0.14518950437317782,0.0,0.01788996922376395,0.0,0.3032128514056225,0.0,2.0,0.0,287.60322737693787,0.0,50500.0,0.0
lock_ring_little,mid,1,148.0,0.0,314.0,0.0,37.0,0.0,0.8495049504950496,0.0,0.09900990099009901,0.0,0.09154518950437318,0.0,0.02202734950408229,0.0,0.4713375796178344,0.0,2.0,0.0,289.55873560905457,0.0,50500.0,0.0
lock_index_ring_little,rest,1,139.0,0.0,365.0,0.0,20.0,0.0,0.9762376237623762,0.0,0.05346534653465347,0.0,0.10641399416909622,0.0,0.02072211056371409,0.0,0.38082191780821917,0.0,2.0,0.0,287.96336603164673,0.0,50500.0,0.0
lock_middle_little,low,1,138.0,0.0,455.0,0.0,15.0,0.0,1.1742574257425742,0.0,0.03762376237623762,0.0,0.1326530612244898,0.0,0.01970492728172608,0.0,0.3032967032967033,0.0,2.0,0.0,284.7769694328308,0.0,50500.0,0.0
lock_index_middle_little,rest,1,137.0,0.0,369.0,0.0,30.0,0.0,1.0633663366336634,0.0,0.08514851485148515,0.0,0.1075801749271137,0.0,0.0197170621846085,0.0,0.3712737127371274,0.0,2.0,0.0,286.75903487205505,0.0,50500.0,0.0
lock_ring,low,1,133.0,0.0,413.0,0.0,15.0,0.0,1.0554455445544555,0.0,0.03762376237623762,0.0,0.12040816326530614,0.0,0.021003558841115558,0.0,0.3220338983050847,0.0,2.0,0.0,284.3052794933319,0.0,50500.0,0.0
none,max,1,131.0,0.0,448.0,0.0,17.0,0.0,1.2435643564356436,0.0,0.04554455445544555,0.0,0.1306122448979592,0.0,0.01968444552700223,0.0,0.2924107142857143,0.0,2.0,0.0,299.47784328460693,0.0,50500.0,0.0
lock_little,max,1,126.0,0.0,367.0,0.0,34.0,0.0,0.9009900990099009,0.0,0.08316831683168317,0.0,0.10699708454810494,0.0,0.021798107102098955,0.0,0.34332425068119893,0.0,2.0,0.0,287.33867168426514,0.0,50500.0,0.0
lock_ring,default,1,121.0,0.0,431.0,0.0,16.0,0.0,1.087128712871287,0.0,0.039603960396039604,0.0,0.12565597667638484,0.0,0.020433478571613924,0.0,0.28074245939675174,0.0,2.0,0.0,284.5031750202179,0.0,50500.0,0.0
lock_index_middle_little,default,1,106.0,0.0,396.0,0.0,20.0,0.0,0.9821782178217822,0.0,0.04950495049504951,0.0,0.11545189504373178,0.0,0.02227071637911593,0.0,0.2676767676767677,0.0,2.0,0.0,286.8413333892822,0.0,50500.0,0.0
lock_index,low,1,86.0,0.0,278.0,0.0,6.0,0.0,0.7188118811881189,0.0,0.01386138613861386,0.0,0.08104956268221573,0.0,0.022830811767768668,0.0,0.30935251798561153,0.0,2.0,0.0,275.7260682582855,0.0,50500.0,0.0
lock_index_ring,max,1,79.0,0.0,359.0,0.0,8.0,0.0,0.9485148514851485,0.0,0.019801980198019802,0.0,0.10466472303206997,0.0,0.02030099250279573,0.0,0.2200557103064067,0.0,2.0,0.0,286.55852341651917,0.0,50500.0,0.0
lock_middle,rest,1,76.0,0.0,357.0,0.0,11.0,0.0,0.9524752475247524,0.0,0.02772277227722772,0.0,0.10408163265306122,0.0,0.02125408588989397,0.0,0.21288515406162464,0.0,2.0,0.0,297.96913146972656,0.0,50500.0,0.0
none,mid,1,73.0,0.0,332.0,0.0,3.0,0.0,0.8653465346534654,0.0,0.005940594059405941,0.0,0.0967930029154519,0.0,0.021612631258024144,0.0,0.21987951807228914,0.0,2.0,0.0,296.5878252983093,0.0,50500.0,0.0
lock_middle,default,1,65.0,0.0,264.0,0.0,8.0,0.0,0.6693069306930693,0.0,0.019801980198019802,0.0,0.07696793002915452,0.0,0.024233371890558034,0.0,0.24621212121212122,0.0,2.0,0.0,294.9208912849426,0.0,50500.0,0.0
